A,R,N,D,C,E,Q,G,H,I,L,K,M,F,P,S,T,W,Y,V,Label
0,0.136363636,0.007905138,0.011857708,0.07312253,0.07312253,0.057312253,0.106719368,0.079051383,0.005928854,0.067193676,0.049407115,0,0.035573123,0.033596838,0.071146245,0.081027668,0.013833992,0.037549407,0.059288538,DNA
0.060102302,0.04859335,0.038363171,0.056265985,0.033248082,0.063938619,0.049872123,0.067774936,0.024296675,0.024296675,0.109974425,0.063938619,0.019181586,0.051150895,0.066496164,0.085677749,0.047314578,0.012787724,0.030690537,0.046035806,DNA
0.070093458,0.074766355,0.046728972,0.051401869,0.014018692,0.065420561,0.018691589,0.070093458,0.042056075,0.060747664,0.056074766,0.051401869,0.009345794,0.060747664,0.046728972,0.08411215,0.046728972,0.018691589,0.056074766,0.056074766,DNA
0.111111111,0.063492063,0.023809524,0.023809524,0,0.055555556,0.023809524,0.055555556,0.023809524,0.055555556,0.047619048,0.158730159,0.023809524,0.015873016,0.047619048,0.103174603,0.063492063,0,0.03968254,0.063492063,DNA
0.083333333,0.085714286,0.045238095,0.033333333,0.00952381,0.061904762,0.030952381,0.057142857,0.045238095,0.066666667,0.097619048,0.064285714,0.033333333,0.023809524,0.05952381,0.064285714,0.04047619,0.019047619,0.030952381,0.047619048,DNA
0.090909091,0.075757576,0.025252525,0.050505051,0,0.065656566,0.035353535,0.045454545,0.005050505,0.090909091,0.060606061,0.131313131,0.03030303,0.04040404,0.025252525,0.025252525,0.065656566,0.01010101,0.045454545,0.080808081,RNA
0.057471264,0.084291188,0.038314176,0.068965517,0.003831418,0.034482759,0.019157088,0.091954023,0.038314176,0.061302682,0.095785441,0.103448276,0.011494253,0.034482759,0.045977011,0.030651341,0.053639847,0.003831418,0.034482759,0.088122605,RNA
0.04743833,0.098671727,0.009487666,0.060721063,0.007590133,0.14800759,0.011385199,0.070208729,0.015180266,0.034155598,0.10056926,0.045540797,0.015180266,0.045540797,0.064516129,0.026565465,0.043643264,0.022770398,0.030360531,0.102466793,RNA
0.036363636,0.090909091,0.018181818,0.036363636,0,0.054545455,0.054545455,0.090909091,0.018181818,0.054545455,0.090909091,0.109090909,0.036363636,0,0.036363636,0.054545455,0.054545455,0,0,0.163636364,RNA
0.069565217,0.052173913,0.034782609,0.052173913,0,0.034782609,0.052173913,0.095652174,0.043478261,0.034782609,0.069565217,0.130434783,0.017391304,0.008695652,0.052173913,0.052173913,0.060869565,0,0,0.139130435,RNA
0.140625,0.072916667,0.010416667,0.036458333,0.005208333,0.067708333,0.046875,0.072916667,0.010416667,0.072916667,0.083333333,0.098958333,0.010416667,0.041666667,0.052083333,0.0625,0.036458333,0,0.010416667,0.067708333,RNA
0.062084257,0.066518847,0.031042129,0.055432373,0.013303769,0.062084257,0.057649667,0.057649667,0.062084257,0.042128603,0.106430155,0.046563193,0.017738359,0.053215078,0.037694013,0.059866962,0.039911308,0.019955654,0.037694013,0.070953437,RNA
0.076576577,0.054054054,0.031531532,0.063063063,0.004504505,0.103603604,0.040540541,0.058558559,0.009009009,0.063063063,0.117117117,0.072072072,0.022522523,0.018018018,0.045045045,0.058558559,0.04954955,0.004504505,0.036036036,0.072072072,nonDRNA
0.078853047,0.032258065,0.075268817,0.068100358,0.007168459,0.053763441,0.039426523,0.107526882,0.039426523,0.053763441,0.068100358,0.021505376,0.017921147,0.025089606,0.032258065,0.071684588,0.053763441,0.032258065,0.046594982,0.075268817,nonDRNA
0.109137056,0.101522843,0.02284264,0.055837563,0.015228426,0.083756345,0.035532995,0.050761421,0.025380711,0.045685279,0.060913706,0.063451777,0.012690355,0.027918782,0.063451777,0.093908629,0.02284264,0.005076142,0.038071066,0.065989848,nonDRNA
0.063318777,0.045851528,0.030567686,0.045851528,0.019650655,0.082969432,0.043668122,0.058951965,0.028384279,0.048034934,0.080786026,0.093886463,0.010917031,0.028384279,0.058951965,0.065502183,0.050218341,0.019650655,0.056768559,0.06768559,nonDRNA
0.05984556,0.040540541,0.034749035,0.038610039,0.017374517,0.055984556,0.05984556,0.061776062,0.05019305,0.025096525,0.065637066,0.052123552,0.034749035,0.038610039,0.098455598,0.108108108,0.057915058,0.00965251,0.038610039,0.052123552,nonDRNA
0.092682927,0.068292683,0.019512195,0.043902439,0.014634146,0.107317073,0.112195122,0.043902439,0.019512195,0.03902439,0.097560976,0.053658537,0.019512195,0.024390244,0.03902439,0.063414634,0.03902439,0.009756098,0.024390244,0.068292683,nonDRNA
0.090027701,0.05401662,0.026315789,0.03601108,0.013850416,0.058171745,0.03601108,0.090027701,0.020775623,0.055401662,0.099722992,0.066481994,0.01800554,0.037396122,0.067867036,0.073407202,0.037396122,0.009695291,0.031855956,0.077562327,nonDRNA
0.097826087,0.047101449,0.065217391,0.054347826,0,0.010869565,0.061594203,0.108695652,0.02173913,0.043478261,0.105072464,0.028985507,0.003623188,0.039855072,0.054347826,0.054347826,0.054347826,0.032608696,0.032608696,0.083333333,nonDRNA
0.066518847,0.048780488,0.048780488,0.079822616,0.002217295,0.077605322,0.022172949,0.082039911,0.033259424,0.064301552,0.084257206,0.062084257,0.022172949,0.050997783,0.042128603,0.039911308,0.039911308,0.026607539,0.059866962,0.046563193,nonDRNA
0.07239819,0.029411765,0.061085973,0.058823529,0.018099548,0.085972851,0.029411765,0.040723982,0.022624434,0.052036199,0.07239819,0.081447964,0.015837104,0.058823529,0.045248869,0.076923077,0.045248869,0.027149321,0.063348416,0.042986425,nonDRNA
0.074733096,0.035587189,0.024911032,0.021352313,0.017793594,0.03202847,0.014234875,0.110320285,0.03202847,0.071174377,0.128113879,0.017793594,0.021352313,0.088967972,0.053380783,0.060498221,0.046263345,0.053380783,0.03202847,0.06405694,nonDRNA
0.075949367,0.025316456,0.069620253,0.063291139,0.012658228,0.041139241,0.028481013,0.079113924,0.028481013,0.091772152,0.088607595,0.082278481,0.034810127,0.022151899,0.037974684,0.041139241,0.047468354,0.003164557,0.025316456,0.101265823,nonDRNA
0.079884504,0.051973051,0.035611165,0.049085659,0.019249278,0.056785371,0.059672762,0.088546679,0.02213667,0.027911453,0.126082772,0.023099134,0.012512031,0.033686237,0.073147257,0.072184793,0.035611165,0.019249278,0.026948989,0.086621752,nonDRNA
0.042596349,0.050709939,0.042596349,0.042596349,0.042596349,0.093306288,0.058823529,0.048681542,0.026369168,0.052738337,0.089249493,0.062880325,0.016227181,0.040567951,0.046653144,0.073022312,0.048681542,0.014198783,0.028397566,0.079107505,nonDRNA
0.040322581,0.050403226,0.052419355,0.046370968,0.038306452,0.086693548,0.066532258,0.046370968,0.028225806,0.052419355,0.102822581,0.076612903,0.028225806,0.026209677,0.048387097,0.064516129,0.026209677,0.016129032,0.034274194,0.068548387,nonDRNA
0.087542088,0.04040404,0.023569024,0.053872054,0.013468013,0.057239057,0.070707071,0.090909091,0.016835017,0.057239057,0.114478114,0.053872054,0.023569024,0.033670034,0.037037037,0.050505051,0.047138047,0.003367003,0.043771044,0.080808081,nonDRNA
0.083086053,0.03264095,0.050445104,0.06231454,0.023738872,0.044510386,0.023738872,0.086053412,0.026706231,0.056379822,0.089020772,0.077151335,0.017804154,0.041543027,0.041543027,0.056379822,0.047477745,0.011869436,0.023738872,0.103857567,nonDRNA
0.039351852,0.076388889,0.06712963,0.05787037,0.009259259,0.085648148,0.011574074,0.046296296,0.016203704,0.053240741,0.074074074,0.06712963,0.020833333,0.076388889,0.043981481,0.05787037,0.034722222,0.023148148,0.0625,0.076388889,nonDRNA
0.057692308,0.057692308,0.042307692,0.069230769,0.015384615,0.088461538,0.034615385,0.057692308,0.023076923,0.053846154,0.126923077,0.073076923,0.034615385,0.026923077,0.042307692,0.061538462,0.046153846,0.011538462,0.019230769,0.057692308,nonDRNA
0.056027165,0.06196944,0.072156197,0.051782683,0.013582343,0.077249576,0.03820034,0.069609508,0.018675722,0.062818336,0.079796265,0.028862479,0.008488964,0.045840407,0.044991511,0.077249576,0.056876061,0.016129032,0.048387097,0.071307301,nonDRNA
0.132631579,0.054736842,0.04,0.061052632,0.010526316,0.063157895,0.023157895,0.090526316,0.023157895,0.075789474,0.065263158,0.042105263,0.023157895,0.029473684,0.04,0.044210526,0.067368421,0.014736842,0.027368421,0.071578947,nonDRNA
0.076923077,0.012820513,0.038461538,0.076923077,0,0.08974359,0.038461538,0.064102564,0.012820513,0.012820513,0.076923077,0.128205128,0.038461538,0.064102564,0.012820513,0.08974359,0.051282051,0.012820513,0.038461538,0.064102564,nonDRNA
0.072948328,0.054711246,0.024316109,0.063829787,0.027355623,0.063829787,0.024316109,0.085106383,0.03343465,0.05775076,0.094224924,0.054711246,0.027355623,0.024316109,0.051671733,0.05775076,0.048632219,0.009118541,0.027355623,0.097264438,nonDRNA
0.070422535,0.042253521,0.014084507,0.056338028,0.112676056,0.056338028,0.084507042,0.070422535,0.084507042,0.028169014,0.098591549,0.056338028,0.028169014,0.042253521,0.042253521,0.028169014,0,0,0.014084507,0.070422535,nonDRNA
0.140495868,0.074380165,0.008264463,0.05785124,0,0.066115702,0.041322314,0.082644628,0.049586777,0.066115702,0.074380165,0.024793388,0.033057851,0.049586777,0.041322314,0.049586777,0.016528926,0.033057851,0.033057851,0.05785124,nonDRNA
0.063636364,0.039393939,0.036363636,0.042424242,0.009090909,0.075757576,0.027272727,0.03030303,0.036363636,0.066666667,0.106060606,0.06969697,0.015151515,0.045454545,0.042424242,0.081818182,0.060606061,0.006060606,0.039393939,0.106060606,nonDRNA
0.081784387,0.053903346,0.046468401,0.039033457,0.011152416,0.066914498,0.035315985,0.068773234,0.014869888,0.066914498,0.087360595,0.065055762,0.016728625,0.055762082,0.040892193,0.07063197,0.068773234,0.014869888,0.020446097,0.074349442,nonDRNA
0.092473118,0.023655914,0.091397849,0.065591398,0.002150538,0.043010753,0.017204301,0.065591398,0.011827957,0.07311828,0.068817204,0.079569892,0.019354839,0.038709677,0.043010753,0.087096774,0.066666667,0.020430108,0.030107527,0.060215054,nonDRNA
0.069518717,0.058823529,0.026737968,0.080213904,0.005347594,0.058823529,0.032085561,0.085561497,0.010695187,0.042780749,0.144385027,0.048128342,0.026737968,0.016042781,0.021390374,0.064171123,0.064171123,0.026737968,0.032085561,0.085561497,nonDRNA
0.116935484,0.036290323,0.044354839,0.068548387,0.004032258,0.060483871,0.044354839,0.108870968,0.028225806,0.056451613,0.080645161,0.028225806,0.024193548,0.036290323,0.032258065,0.048387097,0.048387097,0.004032258,0.008064516,0.120967742,nonDRNA
0.117647059,0.021176471,0.025882353,0.025882353,0.002352941,0.030588235,0.028235294,0.103529412,0.007058824,0.094117647,0.127058824,0.047058824,0.04,0.037647059,0.042352941,0.035294118,0.063529412,0,0.042352941,0.108235294,nonDRNA
0.071729958,0.063291139,0.029535865,0.063291139,0.042194093,0.084388186,0.037974684,0.067510549,0.033755274,0.025316456,0.067510549,0.084388186,0.037974684,0.050632911,0.021097046,0.075949367,0.033755274,0.021097046,0.029535865,0.05907173,nonDRNA
0.082568807,0.064220183,0.064220183,0.073394495,0.009174312,0.068807339,0.036697248,0.055045872,0.018348624,0.068807339,0.082568807,0.059633028,0.009174312,0.032110092,0.02293578,0.068807339,0.064220183,0.009174312,0.036697248,0.073394495,nonDRNA
0.014705882,0.024509804,0.073529412,0.06372549,0.019607843,0.06372549,0.004901961,0.029411765,0.049019608,0.147058824,0.088235294,0.098039216,0.019607843,0.068627451,0.029411765,0.073529412,0.044117647,0.014705882,0.053921569,0.019607843,nonDRNA
0.143518519,0.078703704,0.020833333,0.064814815,0.006944444,0.032407407,0.037037037,0.092592593,0.041666667,0.037037037,0.087962963,0.016203704,0.023148148,0.018518519,0.083333333,0.05787037,0.048611111,0.027777778,0.020833333,0.060185185,nonDRNA
0.069069069,0.024024024,0.094594595,0.073573574,0,0.013513514,0.040540541,0.07957958,0.016516517,0.04954955,0.057057057,0.040540541,0.018018018,0.051051051,0.054054054,0.085585586,0.084084084,0.031531532,0.063063063,0.054054054,nonDRNA
0.092378753,0.025404157,0.023094688,0.016166282,0.002309469,0.032332564,0.030023095,0.087759815,0.011547344,0.113163972,0.120092379,0.034642032,0.041570439,0.062355658,0.053117783,0.057736721,0.048498845,0.020785219,0.027713626,0.099307159,nonDRNA
0.100294985,0.02359882,0.02359882,0.044247788,0.026548673,0.079646018,0.026548673,0.10619469,0.026548673,0.064896755,0.079646018,0.085545723,0.014749263,0.02359882,0.053097345,0.026548673,0.03539823,0.008849558,0.032448378,0.1179941,nonDRNA
0.014285714,0.037142857,0.057142857,0.051428571,0.008571429,0.091428571,0.051428571,0.031428571,0.025714286,0.08,0.128571429,0.068571429,0.022857143,0.06,0.031428571,0.074285714,0.042857143,0.008571429,0.062857143,0.051428571,nonDRNA
0.071969697,0.056818182,0.03030303,0.041666667,0.007575758,0.128787879,0.018939394,0.068181818,0.018939394,0.079545455,0.064393939,0.049242424,0.060606061,0.037878788,0.045454545,0.037878788,0.053030303,0.015151515,0.03030303,0.083333333,nonDRNA
0.043478261,0.014492754,0.057971014,0.065217391,0.02173913,0.137681159,0.014492754,0.101449275,0,0.108695652,0.057971014,0.072463768,0.036231884,0.036231884,0.02173913,0.057971014,0.036231884,0.02173913,0.02173913,0.072463768,nonDRNA
0.048929664,0.03058104,0.036697248,0.073394495,0.012232416,0.04587156,0.021406728,0.082568807,0.01529052,0.058103976,0.097859327,0.073394495,0.021406728,0.04587156,0.051987768,0.094801223,0.06116208,0.027522936,0.04587156,0.055045872,nonDRNA
0.126923077,0.030769231,0.019230769,0.096153846,0.007692308,0.038461538,0.042307692,0.080769231,0.003846154,0.05,0.092307692,0.1,0.015384615,0.042307692,0.026923077,0.065384615,0.061538462,0.007692308,0.042307692,0.05,nonDRNA
0.085714286,0.035714286,0.035714286,0.053571429,0.007142857,0.05,0.071428571,0.071428571,0.014285714,0.064285714,0.092857143,0.075,0.032142857,0.046428571,0.035714286,0.053571429,0.046428571,0.017857143,0.035714286,0.075,nonDRNA
0.075949367,0.012658228,0.050632911,0.075949367,0.012658228,0.025316456,0.012658228,0.107594937,0.018987342,0.050632911,0.044303797,0.075949367,0.056962025,0.044303797,0.037974684,0.050632911,0.094936709,0.018987342,0.050632911,0.082278481,nonDRNA
0.128205128,0.051282051,0.025641026,0.051282051,0.018315018,0.051282051,0.054945055,0.091575092,0.029304029,0.080586081,0.062271062,0.04029304,0.032967033,0.018315018,0.043956044,0.054945055,0.047619048,0.010989011,0.025641026,0.080586081,nonDRNA
0.093333333,0.026666667,0.076666667,0.036666667,0.013333333,0.006666667,0.036666667,0.1,0.003333333,0.05,0.07,0.02,0.006666667,0.033333333,0.053333333,0.086666667,0.1,0.013333333,0.053333333,0.12,nonDRNA
0.166666667,0.037037037,0.043209877,0.043209877,0.012345679,0.049382716,0.049382716,0.074074074,0.00617284,0.061728395,0.074074074,0.043209877,0.030864198,0.024691358,0.030864198,0.061728395,0.080246914,0.00617284,0.067901235,0.037037037,nonDRNA
0.095238095,0.05764411,0.045112782,0.067669173,0.01754386,0.067669173,0.01754386,0.07518797,0.035087719,0.05764411,0.087719298,0.040100251,0.015037594,0.055137845,0.065162907,0.032581454,0.042606516,0.025062657,0.025062657,0.07518797,nonDRNA
0.103646833,0.042226488,0.034548944,0.05950096,0.011516315,0.067178503,0.034548944,0.094049904,0.019193858,0.067178503,0.090211132,0.065259117,0.017274472,0.028790787,0.03646833,0.053742802,0.063339731,0.005758157,0.02303263,0.082533589,nonDRNA
0.110769231,0.098461538,0.026153846,0.076923077,0.003076923,0.063076923,0.026153846,0.075384615,0.035384615,0.024615385,0.130769231,0.013846154,0.016923077,0.04,0.055384615,0.044615385,0.033846154,0.023076923,0.033846154,0.067692308,nonDRNA
0.031413613,0.062827225,0.09947644,0.089005236,0,0.083769634,0.041884817,0.010471204,0.036649215,0.068062827,0.094240838,0.094240838,0.047120419,0.047120419,0.010471204,0.057591623,0.068062827,0,0.041884817,0.015706806,nonDRNA
0.04516129,0.051612903,0.032258065,0.064516129,0.025806452,0.058064516,0.032258065,0.083870968,0.025806452,0.04516129,0.103225806,0.064516129,0.019354839,0.019354839,0.070967742,0.064516129,0.077419355,0.012903226,0.032258065,0.070967742,nonDRNA
0.131818182,0.068181818,0.018181818,0.054545455,0.018181818,0.1,0.045454545,0.077272727,0.009090909,0.05,0.081818182,0.054545455,0.022727273,0.045454545,0.045454545,0.054545455,0.027272727,0.004545455,0.004545455,0.086363636,nonDRNA
0.050632911,0.063291139,0.012658228,0.063291139,0.025316456,0.101265823,0.044303797,0.037974684,0.006329114,0.044303797,0.14556962,0.088607595,0.050632911,0.056962025,0.012658228,0.056962025,0.018987342,0.012658228,0.044303797,0.063291139,nonDRNA
0.1,0.05,0.016666667,0.15,0.066666667,0.083333333,0.016666667,0.083333333,0,0.05,0.033333333,0.033333333,0.033333333,0.05,0.05,0.05,0.016666667,0.05,0.033333333,0.033333333,nonDRNA
0.043678161,0.029885057,0.03908046,0.057471264,0.020689655,0.059770115,0.050574713,0.036781609,0.029885057,0.055172414,0.114942529,0.087356322,0.016091954,0.043678161,0.071264368,0.091954023,0.059770115,0.006896552,0.036781609,0.048275862,nonDRNA
0.050761421,0.038071066,0.035532995,0.078680203,0.002538071,0.088832487,0.027918782,0.096446701,0.02284264,0.058375635,0.098984772,0.068527919,0.043147208,0.040609137,0.050761421,0.040609137,0.060913706,0.002538071,0.038071066,0.055837563,nonDRNA
0.048625793,0.044397463,0.063424947,0.042283298,0.035940803,0.059196617,0.023255814,0.084566596,0.016913319,0.078224101,0.052854123,0.042283298,0.021141649,0.040169133,0.042283298,0.10359408,0.067653277,0.025369979,0.027484144,0.080338266,nonDRNA
0.093181818,0.070454545,0.053030303,0.043181818,0.011363636,0.115151515,0.083333333,0.027272727,0.018181818,0.038636364,0.123484848,0.071969697,0.024242424,0.009848485,0.021969697,0.083333333,0.046212121,0.004545455,0.011363636,0.049242424,nonDRNA
0.03820598,0.03654485,0.074750831,0.044850498,0.028239203,0.043189369,0.041528239,0.066445183,0.008305648,0.091362126,0.081395349,0.064784053,0.018272425,0.034883721,0.059800664,0.084717608,0.061461794,0.011627907,0.041528239,0.068106312,nonDRNA
0.092417062,0.035545024,0.030805687,0.049763033,0.009478673,0.075829384,0.056872038,0.037914692,0.033175355,0.028436019,0.123222749,0.066350711,0.026066351,0.026066351,0.073459716,0.063981043,0.049763033,0.007109005,0.04028436,0.073459716,nonDRNA
0.105263158,0.024561404,0.045614035,0.042105263,0.010526316,0.105263158,0.021052632,0.09122807,0.031578947,0.066666667,0.059649123,0.070175439,0.031578947,0.035087719,0.042105263,0.042105263,0.056140351,0.003508772,0.01754386,0.098245614,nonDRNA
0.087671233,0.071232877,0.016438356,0.052054795,0.02739726,0.052054795,0.052054795,0.068493151,0.052054795,0.038356164,0.139726027,0.01369863,0.016438356,0.02739726,0.071232877,0.065753425,0.046575342,0.021917808,0.024657534,0.054794521,nonDRNA
0.10042735,0.025641026,0.051282051,0.074786325,0.012820513,0.042735043,0.047008547,0.064102564,0.021367521,0.068376068,0.083333333,0.051282051,0.02991453,0.032051282,0.042735043,0.057692308,0.072649573,0.004273504,0.036324786,0.081196581,nonDRNA
0.066790353,0.048237477,0.042671614,0.050092764,0.003710575,0.103896104,0.063079777,0.040816327,0.025974026,0.06864564,0.098330241,0.070500928,0.025974026,0.06122449,0.038961039,0.05380334,0.044526902,0.012987013,0.029684601,0.050092764,nonDRNA
0.175609756,0.034146341,0.014634146,0.043902439,0.019512195,0.048780488,0.063414634,0.092682927,0.009756098,0.073170732,0.07804878,0.034146341,0.014634146,0.029268293,0.058536585,0.03902439,0.048780488,0.014634146,0.024390244,0.082926829,nonDRNA
0.12195122,0.066202091,0.020905923,0.059233449,0.006968641,0.06271777,0.034843206,0.083623693,0.017421603,0.052264808,0.087108014,0.048780488,0.027874564,0.038327526,0.034843206,0.055749129,0.087108014,0.010452962,0.020905923,0.06271777,nonDRNA
0.117857143,0.089285714,0.010714286,0.035714286,0,0.1,0.032142857,0.089285714,0.014285714,0.032142857,0.125,0.035714286,0.010714286,0.039285714,0.035714286,0.057142857,0.053571429,0.007142857,0.028571429,0.085714286,nonDRNA
0.202531646,0.063291139,0.012658228,0.046413502,0.008438819,0.075949367,0.012658228,0.075949367,0.016877637,0.016877637,0.130801688,0.037974684,0.008438819,0.025316456,0.046413502,0.037974684,0.046413502,0.004219409,0.025316456,0.105485232,nonDRNA
0.07008547,0.034188034,0.032478632,0.078632479,0.003418803,0.068376068,0.023931624,0.099145299,0.017094017,0.063247863,0.071794872,0.071794872,0.032478632,0.046153846,0.058119658,0.064957265,0.056410256,0.006837607,0.034188034,0.066666667,nonDRNA
0.099236641,0.061068702,0.049618321,0.08778626,0.007633588,0.022900763,0.038167939,0.076335878,0.030534351,0.057251908,0.083969466,0.015267176,0.022900763,0.011450382,0.064885496,0.041984733,0.095419847,0.015267176,0.030534351,0.08778626,nonDRNA
0.160469667,0.056751468,0.011741683,0.037181996,0.005870841,0.037181996,0.01369863,0.072407045,0.011741683,0.062622309,0.119373777,0.01369863,0.017612524,0.031311155,0.060665362,0.045009785,0.082191781,0.023483366,0.023483366,0.113502935,nonDRNA
0.03125,0.060185185,0.056712963,0.052083333,0.015046296,0.074074074,0.055555556,0.071759259,0.016203704,0.042824074,0.082175926,0.054398148,0.021990741,0.048611111,0.068287037,0.069444444,0.06712963,0.023148148,0.033564815,0.055555556,nonDRNA
0.090322581,0.025806452,0.04516129,0.051612903,0.025806452,0.083870968,0.090322581,0.058064516,0.019354839,0.051612903,0.077419355,0.019354839,0.032258065,0.058064516,0.04516129,0.051612903,0.070967742,0.006451613,0.032258065,0.064516129,nonDRNA
0.108108108,0.064189189,0.037162162,0.057432432,0.003378378,0.043918919,0.027027027,0.060810811,0.016891892,0.043918919,0.131756757,0.027027027,0.047297297,0.043918919,0.074324324,0.057432432,0.043918919,0.027027027,0.023648649,0.060810811,nonDRNA
0.15,0.068181818,0.040909091,0.022727273,0,0.063636364,0.063636364,0.077272727,0.013636364,0.031818182,0.086363636,0.045454545,0.004545455,0.05,0.031818182,0.077272727,0.036363636,0.009090909,0.045454545,0.081818182,nonDRNA
0.078767123,0.034246575,0.037671233,0.051369863,0.006849315,0.068493151,0.044520548,0.071917808,0.037671233,0.078767123,0.102739726,0.054794521,0.023972603,0.04109589,0.04109589,0.071917808,0.044520548,0,0.037671233,0.071917808,nonDRNA
0.062745098,0.066666667,0.043137255,0.062745098,0.003921569,0.094117647,0.08627451,0.039215686,0.011764706,0.050980392,0.117647059,0.043137255,0.031372549,0.035294118,0.011764706,0.082352941,0.062745098,0.019607843,0.003921569,0.070588235,nonDRNA
0.078085642,0.057934509,0.037783375,0.068010076,0.005037783,0.052896725,0.032745592,0.095717884,0.027707809,0.027707809,0.093198992,0.0302267,0.017632242,0.037783375,0.057934509,0.078085642,0.052896725,0.017632242,0.035264484,0.095717884,nonDRNA
0.108024691,0.033950617,0.033950617,0.027777778,0.058641975,0.046296296,0.046296296,0.074074074,0.046296296,0.046296296,0.080246914,0.033950617,0.024691358,0.033950617,0.089506173,0.077160494,0.058641975,0.009259259,0.018518519,0.052469136,nonDRNA
0.085714286,0.062857143,0.034285714,0.068571429,0.011428571,0.085714286,0.062857143,0.062857143,0.034285714,0.022857143,0.16,0.051428571,0.022857143,0.045714286,0.011428571,0.057142857,0.034285714,0.005714286,0.034285714,0.045714286,nonDRNA
0.083623693,0.034843206,0.055749129,0.052264808,0.006968641,0.048780488,0.059233449,0.090592334,0.031358885,0.066202091,0.080139373,0.048780488,0.017421603,0.045296167,0.034843206,0.059233449,0.052264808,0.003484321,0.052264808,0.076655052,nonDRNA
0.115151515,0.127272727,0.024242424,0.072727273,0.006060606,0.084848485,0.042424242,0.090909091,0,0.03030303,0.115151515,0,0.048484848,0.036363636,0.03030303,0.066666667,0.03030303,0.006060606,0.024242424,0.048484848,nonDRNA
0.149779736,0.083700441,0.022026432,0.066079295,0.004405286,0.074889868,0.039647577,0.052863436,0.026431718,0.04845815,0.123348018,0.030837004,0.017621145,0.030837004,0.039647577,0.052863436,0.035242291,0.004405286,0.008810573,0.088105727,nonDRNA
0.108108108,0.085995086,0.014742015,0.078624079,0.007371007,0.068796069,0.024570025,0.054054054,0.036855037,0.024570025,0.12039312,0.012285012,0.027027027,0.036855037,0.071253071,0.049140049,0.063882064,0.007371007,0.014742015,0.093366093,nonDRNA
0.158249158,0.037037037,0.043771044,0.023569024,0.013468013,0.026936027,0.02020202,0.124579125,0.01010101,0.037037037,0.074074074,0.03030303,0.006734007,0.026936027,0.026936027,0.121212121,0.107744108,0.006734007,0.033670034,0.070707071,nonDRNA
0.153669725,0.059633028,0.02293578,0.055045872,0.016055046,0.052752294,0.016055046,0.112385321,0.025229358,0.064220183,0.114678899,0.029816514,0.013761468,0.03440367,0.052752294,0.055045872,0.036697248,0.006880734,0.025229358,0.052752294,nonDRNA
0.074626866,0.013266998,0.056384743,0.018242123,0.009950249,0.014925373,0.033167496,0.043117745,0.023217247,0.089552239,0.172470978,0.034825871,0.044776119,0.063018242,0.053067993,0.07960199,0.104477612,0.019900498,0.026533997,0.024875622,nonDRNA
0.135678392,0.030150754,0.020100503,0.050251256,0.020100503,0.075376884,0.050251256,0.085427136,0.025125628,0.025125628,0.08040201,0.065326633,0.055276382,0.040201005,0.045226131,0.065326633,0.055276382,0.005025126,0.040201005,0.030150754,nonDRNA
0.039548023,0.06779661,0.033898305,0.09039548,0.016949153,0.056497175,0.028248588,0.056497175,0.011299435,0.04519774,0.129943503,0.06779661,0.033898305,0.011299435,0.039548023,0.06779661,0.06779661,0.016949153,0.016949153,0.101694915,nonDRNA
0.064335664,0.053846154,0.04965035,0.059440559,0.024475524,0.060839161,0.03986014,0.060839161,0.033566434,0.051748252,0.117482517,0.055944056,0.02027972,0.035664336,0.045454545,0.074125874,0.046153846,0.00979021,0.026573427,0.06993007,nonDRNA
0.171779141,0.067484663,0.018404908,0.042944785,0,0.122699387,0.018404908,0.067484663,0.024539877,0.012269939,0.171779141,0.042944785,0.012269939,0.018404908,0.055214724,0.006134969,0.042944785,0.006134969,0.030674847,0.067484663,nonDRNA
0.06916192,0.05899105,0.037021969,0.050854353,0.014239219,0.072009764,0.043124491,0.064686737,0.027257933,0.062652563,0.096419854,0.049227014,0.028885273,0.041497152,0.053295362,0.067127746,0.049227014,0.01179821,0.031326282,0.071196094,nonDRNA
0.033557047,0.033557047,0.05704698,0.067114094,0,0.067114094,0.046979866,0.077181208,0.003355705,0.087248322,0.067114094,0.087248322,0.023489933,0.05704698,0.023489933,0.043624161,0.090604027,0.016778523,0.063758389,0.053691275,nonDRNA
0.059701493,0.044776119,0.054726368,0.039800995,0.019900498,0.074626866,0.044776119,0.034825871,0.029850746,0.094527363,0.134328358,0.089552239,0.004975124,0.024875622,0.034825871,0.074626866,0.034825871,0.004975124,0.034825871,0.064676617,nonDRNA
0.066276803,0.023391813,0.064327485,0.046783626,0.046783626,0.037037037,0.044834308,0.122807018,0.009746589,0.023391813,0.054580897,0.027290448,0.013645224,0.031189084,0.050682261,0.111111111,0.113060429,0.01754386,0.048732943,0.046783626,nonDRNA
0.15483871,0.016129032,0.067741935,0.041935484,0,0.029032258,0.022580645,0.112903226,0.022580645,0.038709677,0.061290323,0.04516129,0.016129032,0.012903226,0.032258065,0.103225806,0.061290323,0.003225806,0.04516129,0.112903226,nonDRNA
