A,R,N,D,C,E,Q,G,H,I,L,K,M,F,P,S,T,W,Y,V,Class
0,0.136363636,0.007905138,0.011857708,0.07312253,0.07312253,0.057312253,0.106719368,0.079051383,0.005928854,0.067193676,0.049407115,0,0.035573123,0.033596838,0.071146245,0.081027668,0.013833992,0.037549407,0.059288538,DNA
0.076923077,0.041275797,0.030018762,0.031894934,0.015009381,0.037523452,0.048780488,0.063789869,0.020637899,0.030018762,0.056285178,0.03564728,0.022514071,0.048780488,0.12945591,0.168855535,0.08630394,0.001876173,0.028142589,0.026266417,DNA
0.116147309,0.053824363,0.014164306,0.028328612,0.014164306,0.07082153,0.036827195,0.161473088,0.090651558,0.011331445,0.076487252,0.045325779,0.016997167,0.033994334,0.076487252,0.076487252,0.019830028,0.002832861,0.019830028,0.033994334,DNA
0.076732673,0.056930693,0.024752475,0.017326733,0.014851485,0.089108911,0.047029703,0.121287129,0.014851485,0.03960396,0.091584158,0.037128713,0.00990099,0.012376238,0.103960396,0.069306931,0.056930693,0.022277228,0.00990099,0.084158416,DNA
0.128099174,0.064049587,0.02892562,0.055785124,0.008264463,0.045454545,0.088842975,0.061983471,0.022727273,0.051652893,0.109504132,0.02892562,0.01446281,0.037190083,0.07231405,0.051652893,0.035123967,0.037190083,0.02892562,0.02892562,DNA
0.049881235,0.095011876,0.042755344,0.023752969,0.047505938,0.06175772,0.052256532,0.057007126,0.033254157,0.021377672,0.06175772,0.080760095,0.014251781,0.049881235,0.059382423,0.102137767,0.06175772,0.007125891,0.023752969,0.054631829,DNA
0.064661654,0.057142857,0.039097744,0.045112782,0.016541353,0.081203008,0.046616541,0.064661654,0.027067669,0.031578947,0.064661654,0.04962406,0.02556391,0.045112782,0.076691729,0.112781955,0.05112782,0.018045113,0.012030075,0.070676692,DNA
0.056265985,0.063938619,0.033248082,0.066496164,0.015345269,0.081841432,0.040920716,0.074168798,0.020460358,0.023017903,0.092071611,0.066496164,0.020460358,0.038363171,0.056265985,0.104859335,0.051150895,0.023017903,0.035805627,0.035805627,DNA
0.13304721,0.070815451,0.010729614,0.096566524,0.002145923,0.107296137,0.0472103,0.053648069,0.006437768,0.042918455,0.094420601,0.072961373,0.015021459,0.015021459,0.038626609,0.042918455,0.06223176,0.008583691,0.019313305,0.060085837,DNA
0.041666667,0.041666667,0.055555556,0.055555556,0,0.152777778,0,0.069444444,0.013888889,0.069444444,0.111111111,0.125,0.027777778,0.027777778,0.027777778,0.055555556,0.027777778,0.041666667,0.013888889,0.041666667,DNA
0.052715655,0.055910543,0.036741214,0.073482428,0.022364217,0.051118211,0.028753994,0.07827476,0.02715655,0.057507987,0.079872204,0.060702875,0.030351438,0.033546326,0.068690096,0.107028754,0.059105431,0.006389776,0.023961661,0.046325879,DNA
0.107186358,0.074299635,0.045066991,0.069427527,0.020706456,0.046285018,0.049939099,0.040194884,0.03045067,0.035322777,0.102314251,0.029232643,0.019488429,0.03045067,0.062119367,0.09500609,0.053593179,0.023142509,0.021924482,0.043848965,DNA
0.08974359,0.102564103,0.012820513,0.064102564,0.032051282,0.083333333,0.032051282,0.064102564,0.044871795,0.057692308,0.102564103,0.044871795,0.012820513,0.038461538,0.019230769,0.032051282,0.064102564,0.032051282,0.012820513,0.057692308,DNA
0.085950413,0.102479339,0.009917355,0.052892562,0.06446281,0.05785124,0.054545455,0.080991736,0.01322314,0.014876033,0.067768595,0.067768595,0.008264463,0.026446281,0.105785124,0.059504132,0.052892562,0.01322314,0.01322314,0.047933884,DNA
0.153061224,0.035714286,0.015306122,0.020408163,0,0.030612245,0.025510204,0.040816327,0.010204082,0.030612245,0.030612245,0.295918367,0.010204082,0.005102041,0.081632653,0.107142857,0.030612245,0,0.015306122,0.06122449,DNA
0.066074951,0.032544379,0.035502959,0.061143984,0.013806706,0.073964497,0.033530572,0.070019724,0.018737673,0.047337278,0.088757396,0.124260355,0.024654832,0.029585799,0.043392505,0.08382643,0.041420118,0.012820513,0.031558185,0.067061144,DNA
0.076190476,0.066666667,0.038095238,0.047619048,0.00952381,0.133333333,0.028571429,0.038095238,0.028571429,0.066666667,0.085714286,0.076190476,0.028571429,0.019047619,0.057142857,0.057142857,0.057142857,0.019047619,0.028571429,0.038095238,DNA
0.074696545,0.051353875,0.035480859,0.056956116,0.011204482,0.075630252,0.025210084,0.077497666,0.018674136,0.058823529,0.081232493,0.066293184,0.021475257,0.038281979,0.042016807,0.081232493,0.059757236,0.009337068,0.040149393,0.074696545,DNA
0.096969697,0.084848485,0.03030303,0.054545455,0.006060606,0.084848485,0.018181818,0.139393939,0,0.024242424,0.042424242,0.036363636,0.012121212,0.048484848,0.054545455,0.096969697,0.072727273,0.018181818,0.006060606,0.072727273,DNA
0.140625,0.0703125,0.0078125,0.03125,0,0.0390625,0.0390625,0.1171875,0.046875,0.0703125,0.09375,0.109375,0.0078125,0.0078125,0.0234375,0.0625,0.0625,0,0.015625,0.0546875,DNA
0.125,0.0703125,0.0078125,0.03125,0,0.0390625,0.0390625,0.1171875,0.046875,0.0703125,0.09375,0.109375,0.0078125,0.0078125,0.0234375,0.0703125,0.0625,0,0.015625,0.0625,DNA
0.086734694,0.107142857,0.056122449,0.030612245,0,0.112244898,0.040816327,0.045918367,0.010204082,0.071428571,0.137755102,0.051020408,0.030612245,0.056122449,0.020408163,0.06122449,0.030612245,0.005102041,0.015306122,0.030612245,DNA
0.054597701,0.041666667,0.060344828,0.050287356,0.012931034,0.048850575,0.084770115,0.081896552,0.018678161,0.04454023,0.076149425,0.038793103,0.020114943,0.040229885,0.091954023,0.076149425,0.073275862,0.002873563,0.021551724,0.060344828,DNA
0.040268456,0.046979866,0.036912752,0.070469799,0.006711409,0.070469799,0.030201342,0.063758389,0.020134228,0.080536913,0.063758389,0.097315436,0.040268456,0.05704698,0.040268456,0.05704698,0.070469799,0.006711409,0.040268456,0.060402685,DNA
0.04109589,0.052837573,0.056751468,0.082191781,0.01369863,0.088062622,0.039138943,0.056751468,0.025440313,0.052837573,0.074363992,0.084148728,0.031311155,0.035225049,0.033268102,0.084148728,0.062622309,0.015655577,0.025440313,0.045009785,DNA
0.1,0.09375,0.0125,0.03125,0.0125,0.05625,0.05,0.0875,0.0125,0.05625,0.0875,0.1,0.0125,0.025,0.05625,0.04375,0.03125,0,0.05,0.08125,RNA
0.062745098,0.047058824,0.029411765,0.062745098,0.01372549,0.062745098,0.031372549,0.074509804,0.021568627,0.047058824,0.096078431,0.07254902,0.029411765,0.035294118,0.074509804,0.080392157,0.062745098,0.021568627,0.02745098,0.047058824,RNA
0.089385475,0.055865922,0.016759777,0.044692737,0.022346369,0.022346369,0.022346369,0.094972067,0.016759777,0.072625698,0.067039106,0.089385475,0.011173184,0.039106145,0.061452514,0.055865922,0.083798883,0.011173184,0.033519553,0.089385475,RNA
0.074626866,0.104477612,0.03358209,0.018656716,0.01119403,0.089552239,0.029850746,0.074626866,0.02238806,0.014925373,0.130597015,0.078358209,0.014925373,0.018656716,0.052238806,0.044776119,0.044776119,0.018656716,0.018656716,0.104477612,RNA
0.076,0.104,0.032,0.04,0.012,0.064,0.048,0.032,0.028,0.028,0.14,0.1,0.016,0.044,0.048,0.06,0.036,0.028,0.016,0.048,RNA
0.080188679,0.080188679,0.023584906,0.028301887,0.014150943,0.056603774,0.047169811,0.061320755,0.04245283,0.070754717,0.103773585,0.08490566,0.023584906,0.023584906,0.061320755,0.061320755,0.023584906,0.014150943,0.047169811,0.051886792,RNA
0.097674419,0.1,0.027906977,0.044186047,0.01627907,0.053488372,0.041860465,0.097674419,0.020930233,0.041860465,0.074418605,0.076744186,0.020930233,0.027906977,0.046511628,0.058139535,0.055813953,0.020930233,0.023255814,0.053488372,RNA
0.098360656,0.06147541,0.057377049,0.016393443,0,0.06557377,0.049180328,0.06147541,0.016393443,0.086065574,0.081967213,0.118852459,0.008196721,0.040983607,0.045081967,0.049180328,0.036885246,0.008196721,0.040983607,0.057377049,RNA
0.086538462,0.057692308,0.057692308,0.048076923,0,0.057692308,0.028846154,0.096153846,0.009615385,0.076923077,0.038461538,0.153846154,0.009615385,0.048076923,0.028846154,0.048076923,0.028846154,0,0,0.125,RNA
0.090909091,0.075757576,0.025252525,0.050505051,0,0.065656566,0.035353535,0.045454545,0.005050505,0.090909091,0.060606061,0.131313131,0.03030303,0.04040404,0.025252525,0.025252525,0.065656566,0.01010101,0.045454545,0.080808081,RNA
0.130081301,0.089430894,0.016260163,0.024390244,0.008130081,0.056910569,0.105691057,0.081300813,0.008130081,0,0.130081301,0.056910569,0.024390244,0.016260163,0.073170732,0.056910569,0.032520325,0.032520325,0.016260163,0.040650407,RNA
0.093189964,0.075268817,0.035842294,0.0609319,0.007168459,0.078853047,0.053763441,0.0609319,0.017921147,0.017921147,0.150537634,0.0609319,0.017921147,0.043010753,0.043010753,0.05734767,0.043010753,0.025089606,0.014336918,0.043010753,RNA
0.098039216,0.176470588,0.117647059,0,0,0,0.078431373,0,0,0.078431373,0.039215686,0.156862745,0.058823529,0.019607843,0.039215686,0.019607843,0.058823529,0.039215686,0.019607843,0,RNA
0.106382979,0.106382979,0.037234043,0.021276596,0.021276596,0.005319149,0.026595745,0.031914894,0.026595745,0.026595745,0.117021277,0.10106383,0.015957447,0.037234043,0.04787234,0.085106383,0.063829787,0.021276596,0.037234043,0.063829787,RNA
0.061068702,0.06870229,0.022900763,0.026717557,0.011450382,0.053435115,0.072519084,0.061068702,0.030534351,0.041984733,0.145038168,0.053435115,0.030534351,0.034351145,0.106870229,0.034351145,0.045801527,0,0.022900763,0.076335878,RNA
0.062962963,0.114814815,0.018518519,0.081481481,0.018518519,0.096296296,0.037037037,0.040740741,0.025925926,0.025925926,0.044444444,0.062962963,0.025925926,0.02962963,0.081481481,0.111111111,0.040740741,0.022222222,0.022222222,0.037037037,RNA
0.054919908,0.041189931,0.041189931,0.066361556,0.009153318,0.080091533,0.043478261,0.084668192,0.016018307,0.064073227,0.098398169,0.084668192,0.020594966,0.054919908,0.022883295,0.061784897,0.050343249,0.004576659,0.032036613,0.068649886,RNA
0.081151832,0.068062827,0.032722513,0.053664921,0.011780105,0.085078534,0.043193717,0.044502618,0.02486911,0.052356021,0.102094241,0.065445026,0.02617801,0.032722513,0.052356021,0.057591623,0.062827225,0.006544503,0.039267016,0.057591623,RNA
0.07826087,0.07826087,0.060869565,0.052173913,0.008695652,0.07826087,0.026086957,0.043478261,0.017391304,0.043478261,0.104347826,0.113043478,0.034782609,0.034782609,0.026086957,0.069565217,0.017391304,0.008695652,0.008695652,0.095652174,RNA
0.091286307,0.087136929,0.020746888,0.078838174,0,0.161825726,0.029045643,0.095435685,0.020746888,0.029045643,0.053941909,0.058091286,0.004149378,0.01659751,0.033195021,0.062240664,0.049792531,0.004149378,0.008298755,0.095435685,RNA
0.069970845,0.034985423,0.06122449,0.04664723,0.014577259,0.055393586,0.043731778,0.069970845,0.023323615,0.064139942,0.069970845,0.075801749,0.011661808,0.052478134,0.034985423,0.093294461,0.058309038,0.032069971,0.026239067,0.06122449,RNA
0.094339623,0.070754717,0.04245283,0.132075472,0,0.113207547,0.018867925,0.066037736,0.009433962,0.04245283,0.094339623,0.028301887,0.033018868,0.023584906,0.04245283,0.023584906,0.061320755,0,0.009433962,0.094339623,RNA
0.106060606,0.037878788,0.03030303,0.068181818,0.053030303,0.090909091,0.03030303,0.075757576,0.022727273,0.053030303,0.090909091,0.121212121,0.022727273,0.007575758,0.015151515,0.022727273,0.015151515,0.007575758,0.022727273,0.106060606,RNA
0.078817734,0.108374384,0.034482759,0.02955665,0.004926108,0.044334975,0.02955665,0.068965517,0.024630542,0.034482759,0.113300493,0.133004926,0.024630542,0.02955665,0.044334975,0.014778325,0.039408867,0.009852217,0.039408867,0.093596059,RNA
0.137809187,0.03180212,0.028268551,0.049469965,0.007067138,0.113074205,0.035335689,0.084805654,0.014134276,0.067137809,0.056537102,0.098939929,0.035335689,0.035335689,0.017667845,0.035335689,0.038869258,0,0.010600707,0.102473498,RNA
0.051912568,0.054644809,0.035519126,0.043715847,0.06284153,0.073770492,0.027322404,0.054644809,0.068306011,0.016393443,0.071038251,0.120218579,0.010928962,0.046448087,0.040983607,0.071038251,0.06284153,0.005464481,0.030054645,0.051912568,DRNA
0.031620553,0.071146245,0.027667984,0.015810277,0.031620553,0.110671937,0.059288538,0.102766798,0.031620553,0.015810277,0.043478261,0.083003953,0.023715415,0.039525692,0.083003953,0.114624506,0.039525692,0.003952569,0.023715415,0.04743083,DRNA
0.067357513,0.033678756,0.056994819,0.03626943,0.015544041,0.044041451,0.090673575,0.095854922,0.020725389,0.041450777,0.033678756,0.049222798,0.038860104,0.041450777,0.059585492,0.075129534,0.062176166,0.025906736,0.044041451,0.067357513,DRNA
0.074798619,0.066743383,0.025316456,0.054085155,0.009781358,0.055811277,0.054085155,0.068469505,0.027617952,0.03164557,0.115074799,0.060989643,0.012658228,0.026467204,0.093210587,0.047756041,0.074223245,0.021864212,0.027617952,0.051783659,DRNA
0.037267081,0.043478261,0.01863354,0.031055901,0.00621118,0.111801242,0.00621118,0.093167702,0.00310559,0.086956522,0.099378882,0.111801242,0.00931677,0.052795031,0.059006211,0.052795031,0.046583851,0.00931677,0.043478261,0.077639752,DRNA
0.047619048,0.032738095,0.0625,0.050595238,0.011904762,0.06547619,0.044642857,0.071428571,0,0.083333333,0.092261905,0.095238095,0.029761905,0.050595238,0.026785714,0.083333333,0.056547619,0.008928571,0.038690476,0.047619048,DRNA
0.087926509,0.078740157,0.018372703,0.04855643,0.007217848,0.104986877,0.039370079,0.072834646,0.015091864,0.046587927,0.106299213,0.06496063,0.017060367,0.026902887,0.05183727,0.037401575,0.040026247,0.007217848,0.030839895,0.097769029,DRNA
0.085301837,0.083989501,0.018372703,0.049868766,0.007217848,0.104330709,0.036745407,0.074146982,0.015748031,0.045931759,0.105643045,0.061023622,0.018372703,0.027559055,0.049868766,0.040026247,0.039370079,0.00656168,0.030839895,0.099081365,DRNA
0.082191781,0.070776256,0.01369863,0.047945205,0,0.155251142,0.038812785,0.050228311,0.01369863,0.057077626,0.130136986,0.089041096,0.011415525,0.01826484,0.059360731,0.047945205,0.03652968,0.006849315,0.020547945,0.050228311,DRNA
0.055172414,0.059770115,0.031034483,0.064367816,0.018390805,0.088505747,0.028735632,0.072413793,0.026436782,0.052873563,0.093103448,0.077011494,0.022988506,0.036781609,0.036781609,0.048275862,0.048275862,0.011494253,0.035632184,0.091954023,DRNA
0.071000855,0.066723695,0.036783576,0.071856287,0.005988024,0.087254063,0.031650984,0.087254063,0.016253208,0.05560308,0.082976903,0.044482464,0.026518392,0.02994012,0.050470488,0.056458512,0.057313944,0.007698888,0.019674936,0.094097519,DRNA
0.074626866,0.014925373,0.044776119,0.029850746,0,0.149253731,0.059701493,0.134328358,0.014925373,0.044776119,0.029850746,0.074626866,0.014925373,0.104477612,0.014925373,0.044776119,0.029850746,0.014925373,0,0.104477612,DRNA
0.067699837,0.057911909,0.040783034,0.042414356,0.017128874,0.073409462,0.045676998,0.074225122,0.024469821,0.039967374,0.088907015,0.072593801,0.021207178,0.038336052,0.068515498,0.090538336,0.051386623,0.008156607,0.026916803,0.049755302,DRNA
0.063492063,0.041269841,0.057142857,0.066666667,0.00952381,0.06031746,0.050793651,0.073015873,0.025396825,0.06984127,0.082539683,0.076190476,0.015873016,0.047619048,0.025396825,0.063492063,0.063492063,0.003174603,0.050793651,0.053968254,DRNA
0.109375,0.091346154,0.014423077,0.050480769,0,0.104567308,0.019230769,0.069711538,0.021634615,0.030048077,0.149038462,0.050480769,0.019230769,0.032451923,0.057692308,0.037259615,0.036057692,0.016826923,0.028846154,0.061298077,DRNA
0.065359477,0.064542484,0.033496732,0.062908497,0.013888889,0.075980392,0.039215686,0.067810458,0.026960784,0.074346405,0.086601307,0.060457516,0.032679739,0.040849673,0.043300654,0.06127451,0.057189542,0.005718954,0.037581699,0.049836601,DRNA
0.062801932,0.048309179,0.06763285,0.053140097,0.014492754,0.053140097,0.057971014,0.132850242,0.012077295,0.033816425,0.050724638,0.048309179,0.043478261,0.053140097,0.038647343,0.099033816,0.036231884,0.014492754,0.019323671,0.060386473,DRNA
0.05966724,0.049340218,0.036718302,0.05966724,0.011474469,0.065978199,0.047045324,0.063683305,0.019506598,0.057372347,0.076878944,0.052208835,0.031554791,0.032128514,0.076305221,0.091795754,0.058519793,0.008032129,0.039013196,0.063109581,DRNA
0.093687708,0.058139535,0.028903654,0.040863787,0.032225914,0.039202658,0.030232558,0.082392027,0.021594684,0.043853821,0.099667774,0.032225914,0.018936877,0.030232558,0.068106312,0.073754153,0.073089701,0.021594684,0.032890365,0.078405316,DRNA
0.097902098,0.083916084,0.041958042,0.041958042,0.017482517,0.073426573,0.038461538,0.094405594,0.031468531,0.034965035,0.052447552,0.059440559,0.024475524,0.045454545,0.048951049,0.059440559,0.041958042,0.027972028,0.020979021,0.062937063,DRNA
0.103686636,0.082949309,0.041474654,0.048387097,0.004608295,0.069124424,0.078341014,0.055299539,0.034562212,0.025345622,0.131336406,0.032258065,0.006912442,0.036866359,0.062211982,0.064516129,0.046082949,0.02764977,0.011520737,0.036866359,DRNA
0.031298905,0.018779343,0.090766823,0.054773083,0.00312989,0.082942097,0.018779343,0.029733959,0.014084507,0.103286385,0.090766823,0.126760563,0.009389671,0.073552426,0.037558685,0.048513302,0.039123631,0.004694836,0.075117371,0.046948357,DRNA
0.068846816,0.048192771,0.055077453,0.08605852,0.015490534,0.055077453,0.029259897,0.075731497,0.032702238,0.056798623,0.058519793,0.056798623,0.027538726,0.036144578,0.04475043,0.04475043,0.063683305,0.013769363,0.04302926,0.08777969,nonDRNA
0.076470588,0.017647059,0.047058824,0.052941176,0,0.020588235,0.023529412,0.105882353,0.002941176,0.05,0.088235294,0.026470588,0,0.038235294,0.032352941,0.138235294,0.161764706,0.008823529,0.041176471,0.067647059,nonDRNA
0.110091743,0.058103976,0.073394495,0.051987768,0.012232416,0.042813456,0.04587156,0.079510703,0.018348624,0.055045872,0.070336391,0.04587156,0.024464832,0.018348624,0.039755352,0.051987768,0.076452599,0.027522936,0.042813456,0.055045872,nonDRNA
0.0703125,0.0078125,0.046875,0.078125,0.0234375,0.0625,0.0078125,0.1015625,0.03125,0.0546875,0.0390625,0.1015625,0.03125,0.046875,0.015625,0.09375,0.0703125,0.0078125,0.015625,0.09375,nonDRNA
0.183908046,0.011494253,0.057471264,0.057471264,0.022988506,0.045977011,0.068965517,0.114942529,0.022988506,0.034482759,0.057471264,0.068965517,0.045977011,0.034482759,0.011494253,0.022988506,0.022988506,0.011494253,0.034482759,0.068965517,nonDRNA
0.112084063,0.031523643,0.050788091,0.066549912,0.014010508,0.056042032,0.024518389,0.106830123,0.031523643,0.045534151,0.063047285,0.07530648,0.029772329,0.021015762,0.029772329,0.063047285,0.059544658,0.007005254,0.028021016,0.084063047,nonDRNA
0.067510549,0.029535865,0.05907173,0.075949367,0,0.029535865,0.016877637,0.071729958,0.021097046,0.063291139,0.075949367,0.046413502,0.004219409,0.050632911,0.046413502,0.139240506,0.084388186,0.016877637,0.029535865,0.071729958,nonDRNA
0.071729958,0.029535865,0.063291139,0.080168776,0,0.021097046,0.021097046,0.071729958,0.016877637,0.063291139,0.075949367,0.046413502,0.004219409,0.046413502,0.050632911,0.126582278,0.092827004,0.016877637,0.029535865,0.071729958,nonDRNA
0.071729958,0.025316456,0.063291139,0.075949367,0,0.025316456,0.021097046,0.075949367,0.025316456,0.063291139,0.075949367,0.050632911,0.008438819,0.046413502,0.046413502,0.126582278,0.080168776,0.016877637,0.029535865,0.071729958,nonDRNA
0.071729958,0.029535865,0.05907173,0.067510549,0,0.029535865,0.021097046,0.075949367,0.025316456,0.063291139,0.075949367,0.050632911,0.008438819,0.046413502,0.046413502,0.130801688,0.080168776,0.016877637,0.029535865,0.071729958,nonDRNA
0.071729958,0.025316456,0.063291139,0.075949367,0,0.025316456,0.021097046,0.075949367,0.025316456,0.063291139,0.075949367,0.050632911,0.004219409,0.046413502,0.042194093,0.130801688,0.080168776,0.016877637,0.029535865,0.075949367,nonDRNA
0.117154812,0.012552301,0.037656904,0.054393305,0,0.037656904,0.012552301,0.071129707,0.008368201,0.054393305,0.087866109,0.037656904,0,0.071129707,0.050209205,0.117154812,0.083682008,0.016736402,0.033472803,0.09623431,nonDRNA
0.043478261,0.01552795,0.043478261,0.031055901,0.027950311,0.052795031,0.037267081,0.055900621,0.031055901,0.031055901,0.055900621,0.071428571,0.01863354,0.034161491,0.090062112,0.108695652,0.108695652,0.01863354,0.027950311,0.096273292,nonDRNA
0.092783505,0,0.06185567,0.041237113,0.010309278,0.113402062,0.010309278,0.12371134,0.020618557,0.030927835,0.041237113,0.072164948,0.010309278,0.06185567,0.051546392,0.051546392,0.072164948,0,0.041237113,0.092783505,nonDRNA
0.142857143,0.023809524,0,0.023809524,0,0.095238095,0.023809524,0.023809524,0.095238095,0.071428571,0.142857143,0.023809524,0,0.071428571,0.023809524,0.023809524,0.095238095,0.023809524,0,0.095238095,nonDRNA
0.212962963,0.009259259,0,0.111111111,0.027777778,0.064814815,0.018518519,0.083333333,0,0.046296296,0.074074074,0.111111111,0,0.092592593,0,0.055555556,0.018518519,0.009259259,0.009259259,0.055555556,nonDRNA
0.065789474,0.032894737,0.065789474,0.092105263,0.019736842,0.032894737,0.026315789,0.078947368,0.039473684,0.046052632,0.065789474,0.072368421,0.026315789,0.072368421,0.032894737,0.059210526,0.046052632,0.013157895,0.046052632,0.065789474,nonDRNA
0.094202899,0.02173913,0.043478261,0.057971014,0.086956522,0.028985507,0.050724638,0.072463768,0.036231884,0.007246377,0.057971014,0.057971014,0.036231884,0.028985507,0.057971014,0.086956522,0.072463768,0.02173913,0.043478261,0.036231884,nonDRNA
0.151351351,0.075675676,0.027027027,0.048648649,0.005405405,0.102702703,0.043243243,0.081081081,0.048648649,0.032432432,0.081081081,0.059459459,0.016216216,0.027027027,0.043243243,0.032432432,0.043243243,0.021621622,0.037837838,0.021621622,nonDRNA
0.166666667,0.009259259,0.018518519,0.12962963,0,0.083333333,0,0.064814815,0.018518519,0.046296296,0.092592593,0.157407407,0.009259259,0.083333333,0,0.037037037,0.027777778,0,0,0.055555556,nonDRNA
0.081920904,0.036723164,0.039548023,0.036723164,0.028248588,0.064971751,0.019774011,0.096045198,0.028248588,0.050847458,0.096045198,0.064971751,0.019774011,0.031073446,0.06779661,0.062146893,0.048022599,0.005649718,0.019774011,0.101694915,nonDRNA
0.047761194,0.032835821,0.03880597,0.035820896,0.026865672,0.041791045,0.035820896,0.050746269,0.026865672,0.03880597,0.074626866,0.056716418,0.017910448,0.029850746,0.092537313,0.104477612,0.098507463,0.017910448,0.023880597,0.107462687,nonDRNA
0.046296296,0.018518519,0.046296296,0.040123457,0.030864198,0.052469136,0.040123457,0.040123457,0.027777778,0.037037037,0.049382716,0.074074074,0.015432099,0.043209877,0.098765432,0.101851852,0.095679012,0.018518519,0.021604938,0.101851852,nonDRNA
0.050890585,0.015267176,0.040712468,0.040712468,0.030534351,0.055979644,0.043256997,0.040712468,0.022900763,0.043256997,0.066157761,0.06870229,0.015267176,0.045801527,0.086513995,0.096692112,0.094147583,0.020356234,0.022900763,0.099236641,nonDRNA
0.076576577,0.054054054,0.031531532,0.063063063,0.004504505,0.103603604,0.040540541,0.058558559,0.009009009,0.063063063,0.117117117,0.072072072,0.022522523,0.018018018,0.045045045,0.058558559,0.04954955,0.004504505,0.036036036,0.072072072,nonDRNA
0.06010929,0.057377049,0.051912568,0.057377049,0.005464481,0.054644809,0.040983607,0.112021858,0.021857923,0.06557377,0.057377049,0.049180328,0.010928962,0.049180328,0.046448087,0.073770492,0.040983607,0.021857923,0.027322404,0.095628415,nonDRNA
0.109022556,0.022556391,0.056390977,0.052631579,0.052631579,0.060150376,0.022556391,0.093984962,0.022556391,0.056390977,0.067669173,0.04887218,0.022556391,0.041353383,0.071428571,0.033834586,0.052631579,0.011278195,0.041353383,0.060150376,nonDRNA
0.065420561,0.062305296,0.056074766,0.059190031,0.00623053,0.043613707,0.043613707,0.049844237,0.012461059,0.099688474,0.096573209,0.021806854,0.015576324,0.065420561,0.049844237,0.065420561,0.049844237,0.024922118,0.040498442,0.07165109,nonDRNA
